timestamp,datetime,comment-id,voter-id,vote
1774343775,Tue Mar 24 2026 09:16:15 GMT+0000 (Coordinated Universal Time),0,0,0
1774769276,Sun Mar 29 2026 07:27:56 GMT+0000 (Coordinated Universal Time),0,1,1
1774369853,Tue Mar 24 2026 16:30:53 GMT+0000 (Coordinated Universal Time),0,4,1
1774435735,Wed Mar 25 2026 10:48:55 GMT+0000 (Coordinated Universal Time),0,12,1
1774435713,Wed Mar 25 2026 10:48:33 GMT+0000 (Coordinated Universal Time),0,13,1
1774444541,Wed Mar 25 2026 13:15:41 GMT+0000 (Coordinated Universal Time),0,14,1
1774446987,Wed Mar 25 2026 13:56:27 GMT+0000 (Coordinated Universal Time),0,15,1
1774448128,Wed Mar 25 2026 14:15:28 GMT+0000 (Coordinated Universal Time),0,17,0
1774448122,Wed Mar 25 2026 14:15:22 GMT+0000 (Coordinated Universal Time),0,19,1
1774447770,Wed Mar 25 2026 14:09:30 GMT+0000 (Coordinated Universal Time),0,20,1
1774444496,Wed Mar 25 2026 13:14:56 GMT+0000 (Coordinated Universal Time),0,26,1
1774444597,Wed Mar 25 2026 13:16:37 GMT+0000 (Coordinated Universal Time),0,29,1
1774447846,Wed Mar 25 2026 14:10:46 GMT+0000 (Coordinated Universal Time),0,30,1
1774444690,Wed Mar 25 2026 13:18:10 GMT+0000 (Coordinated Universal Time),0,31,1
1774445401,Wed Mar 25 2026 13:30:01 GMT+0000 (Coordinated Universal Time),0,32,1
1774446622,Wed Mar 25 2026 13:50:22 GMT+0000 (Coordinated Universal Time),0,33,1
1774447434,Wed Mar 25 2026 14:03:54 GMT+0000 (Coordinated Universal Time),0,34,1
1774447804,Wed Mar 25 2026 14:10:04 GMT+0000 (Coordinated Universal Time),0,36,1
1774448061,Wed Mar 25 2026 14:14:21 GMT+0000 (Coordinated Universal Time),0,37,1
1774447779,Wed Mar 25 2026 14:09:39 GMT+0000 (Coordinated Universal Time),0,38,1
1774447799,Wed Mar 25 2026 14:09:59 GMT+0000 (Coordinated Universal Time),0,40,1
1774447828,Wed Mar 25 2026 14:10:28 GMT+0000 (Coordinated Universal Time),0,41,1
1774448091,Wed Mar 25 2026 14:14:51 GMT+0000 (Coordinated Universal Time),0,42,1
1774448622,Wed Mar 25 2026 14:23:42 GMT+0000 (Coordinated Universal Time),0,43,1
1774447876,Wed Mar 25 2026 14:11:16 GMT+0000 (Coordinated Universal Time),0,45,1
1774447832,Wed Mar 25 2026 14:10:32 GMT+0000 (Coordinated Universal Time),0,46,1
1774447831,Wed Mar 25 2026 14:10:31 GMT+0000 (Coordinated Universal Time),0,47,1
1774447858,Wed Mar 25 2026 14:10:58 GMT+0000 (Coordinated Universal Time),0,48,0
1774447941,Wed Mar 25 2026 14:12:21 GMT+0000 (Coordinated Universal Time),0,49,1
1774447926,Wed Mar 25 2026 14:12:06 GMT+0000 (Coordinated Universal Time),0,51,1
1774447931,Wed Mar 25 2026 14:12:11 GMT+0000 (Coordinated Universal Time),0,52,1
1774448588,Wed Mar 25 2026 14:23:08 GMT+0000 (Coordinated Universal Time),0,54,1
1774457254,Wed Mar 25 2026 16:47:34 GMT+0000 (Coordinated Universal Time),0,58,1
1774961722,Tue Mar 31 2026 12:55:22 GMT+0000 (Coordinated Universal Time),0,63,1
1774343783,Tue Mar 24 2026 09:16:23 GMT+0000 (Coordinated Universal Time),1,0,0
1774769293,Sun Mar 29 2026 07:28:13 GMT+0000 (Coordinated Universal Time),1,1,-1
1774369833,Tue Mar 24 2026 16:30:33 GMT+0000 (Coordinated Universal Time),1,4,1
1774435714,Wed Mar 25 2026 10:48:34 GMT+0000 (Coordinated Universal Time),1,12,1
1774435818,Wed Mar 25 2026 10:50:18 GMT+0000 (Coordinated Universal Time),1,13,1
1774444518,Wed Mar 25 2026 13:15:18 GMT+0000 (Coordinated Universal Time),1,14,1
1774435847,Wed Mar 25 2026 10:50:47 GMT+0000 (Coordinated Universal Time),1,15,1
1774441224,Wed Mar 25 2026 12:20:24 GMT+0000 (Coordinated Universal Time),1,16,1
1774448072,Wed Mar 25 2026 14:14:32 GMT+0000 (Coordinated Universal Time),1,17,1
1774448131,Wed Mar 25 2026 14:15:31 GMT+0000 (Coordinated Universal Time),1,19,1
1774447924,Wed Mar 25 2026 14:12:04 GMT+0000 (Coordinated Universal Time),1,20,1
1774447811,Wed Mar 25 2026 14:10:11 GMT+0000 (Coordinated Universal Time),1,25,1
1774444489,Wed Mar 25 2026 13:14:49 GMT+0000 (Coordinated Universal Time),1,26,1
1774444610,Wed Mar 25 2026 13:16:50 GMT+0000 (Coordinated Universal Time),1,29,1
1774444570,Wed Mar 25 2026 13:16:10 GMT+0000 (Coordinated Universal Time),1,30,1
1774444629,Wed Mar 25 2026 13:17:09 GMT+0000 (Coordinated Universal Time),1,31,1
1774446688,Wed Mar 25 2026 13:51:28 GMT+0000 (Coordinated Universal Time),1,33,1
1774447856,Wed Mar 25 2026 14:10:56 GMT+0000 (Coordinated Universal Time),1,34,1
1774447822,Wed Mar 25 2026 14:10:22 GMT+0000 (Coordinated Universal Time),1,36,1
1774448170,Wed Mar 25 2026 14:16:10 GMT+0000 (Coordinated Universal Time),1,37,1
1774447783,Wed Mar 25 2026 14:09:43 GMT+0000 (Coordinated Universal Time),1,40,1
1774447905,Wed Mar 25 2026 14:11:45 GMT+0000 (Coordinated Universal Time),1,41,1
1774448060,Wed Mar 25 2026 14:14:20 GMT+0000 (Coordinated Universal Time),1,42,0
1774448652,Wed Mar 25 2026 14:24:12 GMT+0000 (Coordinated Universal Time),1,43,-1
1774447880,Wed Mar 25 2026 14:11:20 GMT+0000 (Coordinated Universal Time),1,45,1
1774448448,Wed Mar 25 2026 14:20:48 GMT+0000 (Coordinated Universal Time),1,47,1
1774451416,Wed Mar 25 2026 15:10:16 GMT+0000 (Coordinated Universal Time),1,48,0
1774447871,Wed Mar 25 2026 14:11:11 GMT+0000 (Coordinated Universal Time),1,49,1
1774447932,Wed Mar 25 2026 14:12:12 GMT+0000 (Coordinated Universal Time),1,51,1
1774447935,Wed Mar 25 2026 14:12:15 GMT+0000 (Coordinated Universal Time),1,52,1
1774457331,Wed Mar 25 2026 16:48:51 GMT+0000 (Coordinated Universal Time),1,58,1
1774961698,Tue Mar 31 2026 12:54:58 GMT+0000 (Coordinated Universal Time),1,63,1
1774343792,Tue Mar 24 2026 09:16:32 GMT+0000 (Coordinated Universal Time),2,0,0
1774769303,Sun Mar 29 2026 07:28:23 GMT+0000 (Coordinated Universal Time),2,1,1
1774369905,Tue Mar 24 2026 16:31:45 GMT+0000 (Coordinated Universal Time),2,4,1
1774435503,Wed Mar 25 2026 10:45:03 GMT+0000 (Coordinated Universal Time),2,12,1
1774435795,Wed Mar 25 2026 10:49:55 GMT+0000 (Coordinated Universal Time),2,13,1
1774444530,Wed Mar 25 2026 13:15:30 GMT+0000 (Coordinated Universal Time),2,14,0
1774435805,Wed Mar 25 2026 10:50:05 GMT+0000 (Coordinated Universal Time),2,15,1
1774448137,Wed Mar 25 2026 14:15:37 GMT+0000 (Coordinated Universal Time),2,17,0
1774444470,Wed Mar 25 2026 13:14:30 GMT+0000 (Coordinated Universal Time),2,21,1
1774444558,Wed Mar 25 2026 13:15:58 GMT+0000 (Coordinated Universal Time),2,23,-1
1774447742,Wed Mar 25 2026 14:09:02 GMT+0000 (Coordinated Universal Time),2,25,1
1774444543,Wed Mar 25 2026 13:15:43 GMT+0000 (Coordinated Universal Time),2,29,1
1774447880,Wed Mar 25 2026 14:11:20 GMT+0000 (Coordinated Universal Time),2,30,0
1774444686,Wed Mar 25 2026 13:18:06 GMT+0000 (Coordinated Universal Time),2,31,1
1774445386,Wed Mar 25 2026 13:29:46 GMT+0000 (Coordinated Universal Time),2,32,1
1774446766,Wed Mar 25 2026 13:52:46 GMT+0000 (Coordinated Universal Time),2,33,1
1774447850,Wed Mar 25 2026 14:10:50 GMT+0000 (Coordinated Universal Time),2,34,-1
1774447771,Wed Mar 25 2026 14:09:31 GMT+0000 (Coordinated Universal Time),2,36,1
1774447758,Wed Mar 25 2026 14:09:18 GMT+0000 (Coordinated Universal Time),2,37,1
1774447793,Wed Mar 25 2026 14:09:53 GMT+0000 (Coordinated Universal Time),2,39,0
1774447777,Wed Mar 25 2026 14:09:37 GMT+0000 (Coordinated Universal Time),2,40,1
1774447811,Wed Mar 25 2026 14:10:11 GMT+0000 (Coordinated Universal Time),2,41,1
1774448094,Wed Mar 25 2026 14:14:54 GMT+0000 (Coordinated Universal Time),2,42,-1
1774447780,Wed Mar 25 2026 14:09:40 GMT+0000 (Coordinated Universal Time),2,43,1
1774447829,Wed Mar 25 2026 14:10:29 GMT+0000 (Coordinated Universal Time),2,45,-1
1774447825,Wed Mar 25 2026 14:10:25 GMT+0000 (Coordinated Universal Time),2,47,1
1774451460,Wed Mar 25 2026 15:11:00 GMT+0000 (Coordinated Universal Time),2,48,0
1774447961,Wed Mar 25 2026 14:12:41 GMT+0000 (Coordinated Universal Time),2,49,1
1774447877,Wed Mar 25 2026 14:11:17 GMT+0000 (Coordinated Universal Time),2,51,1
1774449240,Wed Mar 25 2026 14:34:00 GMT+0000 (Coordinated Universal Time),2,52,-1
1774448027,Wed Mar 25 2026 14:13:47 GMT+0000 (Coordinated Universal Time),2,53,0
1774448520,Wed Mar 25 2026 14:22:00 GMT+0000 (Coordinated Universal Time),2,54,1
1774448688,Wed Mar 25 2026 14:24:48 GMT+0000 (Coordinated Universal Time),2,55,1
1774457045,Wed Mar 25 2026 16:44:05 GMT+0000 (Coordinated Universal Time),2,58,1
1774961665,Tue Mar 31 2026 12:54:25 GMT+0000 (Coordinated Universal Time),2,63,-1
1774343800,Tue Mar 24 2026 09:16:40 GMT+0000 (Coordinated Universal Time),3,0,0
1774363541,Tue Mar 24 2026 14:45:41 GMT+0000 (Coordinated Universal Time),3,1,1
1774369222,Tue Mar 24 2026 16:20:22 GMT+0000 (Coordinated Universal Time),3,3,1
1774369800,Tue Mar 24 2026 16:30:00 GMT+0000 (Coordinated Universal Time),3,4,-1
1774376130,Tue Mar 24 2026 18:15:30 GMT+0000 (Coordinated Universal Time),3,6,1
1774435440,Wed Mar 25 2026 10:44:00 GMT+0000 (Coordinated Universal Time),3,10,1
1774435625,Wed Mar 25 2026 10:47:05 GMT+0000 (Coordinated Universal Time),3,12,-1
1774435705,Wed Mar 25 2026 10:48:25 GMT+0000 (Coordinated Universal Time),3,13,0
1774435637,Wed Mar 25 2026 10:47:17 GMT+0000 (Coordinated Universal Time),3,14,1
1774370664,Tue Mar 24 2026 16:44:24 GMT+0000 (Coordinated Universal Time),3,15,1
1774448089,Wed Mar 25 2026 14:14:49 GMT+0000 (Coordinated Universal Time),3,17,0
1774447758,Wed Mar 25 2026 14:09:18 GMT+0000 (Coordinated Universal Time),3,19,1
1774444476,Wed Mar 25 2026 13:14:36 GMT+0000 (Coordinated Universal Time),3,23,-1
1774447807,Wed Mar 25 2026 14:10:07 GMT+0000 (Coordinated Universal Time),3,25,1
1774444488,Wed Mar 25 2026 13:14:48 GMT+0000 (Coordinated Universal Time),3,26,1
1774447785,Wed Mar 25 2026 14:09:45 GMT+0000 (Coordinated Universal Time),3,28,1
1774444548,Wed Mar 25 2026 13:15:48 GMT+0000 (Coordinated Universal Time),3,29,1
1774447767,Wed Mar 25 2026 14:09:27 GMT+0000 (Coordinated Universal Time),3,30,1
1774444668,Wed Mar 25 2026 13:17:48 GMT+0000 (Coordinated Universal Time),3,31,-1
1774446607,Wed Mar 25 2026 13:50:07 GMT+0000 (Coordinated Universal Time),3,33,1
1774448863,Wed Mar 25 2026 14:27:43 GMT+0000 (Coordinated Universal Time),3,34,0
1774448093,Wed Mar 25 2026 14:14:53 GMT+0000 (Coordinated Universal Time),3,35,1
1774447753,Wed Mar 25 2026 14:09:13 GMT+0000 (Coordinated Universal Time),3,36,-1
1774448159,Wed Mar 25 2026 14:15:59 GMT+0000 (Coordinated Universal Time),3,37,-1
1774447759,Wed Mar 25 2026 14:09:19 GMT+0000 (Coordinated Universal Time),3,38,1
1774447781,Wed Mar 25 2026 14:09:41 GMT+0000 (Coordinated Universal Time),3,40,-1
1774447854,Wed Mar 25 2026 14:10:54 GMT+0000 (Coordinated Universal Time),3,41,-1
1774447794,Wed Mar 25 2026 14:09:54 GMT+0000 (Coordinated Universal Time),3,42,1
1774447802,Wed Mar 25 2026 14:10:02 GMT+0000 (Coordinated Universal Time),3,43,-1
1774447806,Wed Mar 25 2026 14:10:06 GMT+0000 (Coordinated Universal Time),3,44,1
1774447888,Wed Mar 25 2026 14:11:28 GMT+0000 (Coordinated Universal Time),3,45,1
1774447842,Wed Mar 25 2026 14:10:42 GMT+0000 (Coordinated Universal Time),3,46,0
1774448317,Wed Mar 25 2026 14:18:37 GMT+0000 (Coordinated Universal Time),3,47,1
1774447838,Wed Mar 25 2026 14:10:38 GMT+0000 (Coordinated Universal Time),3,48,0
1774447924,Wed Mar 25 2026 14:12:04 GMT+0000 (Coordinated Universal Time),3,49,1
1774447888,Wed Mar 25 2026 14:11:28 GMT+0000 (Coordinated Universal Time),3,50,-1
1774449210,Wed Mar 25 2026 14:33:30 GMT+0000 (Coordinated Universal Time),3,52,1
1774448529,Wed Mar 25 2026 14:22:09 GMT+0000 (Coordinated Universal Time),3,54,-1
1774448658,Wed Mar 25 2026 14:24:18 GMT+0000 (Coordinated Universal Time),3,55,-1
1774456104,Wed Mar 25 2026 16:28:24 GMT+0000 (Coordinated Universal Time),3,57,0
1774457173,Wed Mar 25 2026 16:46:13 GMT+0000 (Coordinated Universal Time),3,58,-1
1774903672,Mon Mar 30 2026 20:47:52 GMT+0000 (Coordinated Universal Time),3,62,-1
1774961655,Tue Mar 31 2026 12:54:15 GMT+0000 (Coordinated Universal Time),3,63,-1
1774343808,Tue Mar 24 2026 09:16:48 GMT+0000 (Coordinated Universal Time),4,0,0
1774769279,Sun Mar 29 2026 07:27:59 GMT+0000 (Coordinated Universal Time),4,1,-1
1774369884,Tue Mar 24 2026 16:31:24 GMT+0000 (Coordinated Universal Time),4,4,1
1774435479,Wed Mar 25 2026 10:44:39 GMT+0000 (Coordinated Universal Time),4,10,1
1774435611,Wed Mar 25 2026 10:46:51 GMT+0000 (Coordinated Universal Time),4,12,1
1774435725,Wed Mar 25 2026 10:48:45 GMT+0000 (Coordinated Universal Time),4,13,1
1774444483,Wed Mar 25 2026 13:14:43 GMT+0000 (Coordinated Universal Time),4,14,1
1774447038,Wed Mar 25 2026 13:57:18 GMT+0000 (Coordinated Universal Time),4,15,1
1774443546,Wed Mar 25 2026 12:59:06 GMT+0000 (Coordinated Universal Time),4,17,1
1774444469,Wed Mar 25 2026 13:14:29 GMT+0000 (Coordinated Universal Time),4,18,1
1774448116,Wed Mar 25 2026 14:15:16 GMT+0000 (Coordinated Universal Time),4,19,1
1774444525,Wed Mar 25 2026 13:15:25 GMT+0000 (Coordinated Universal Time),4,23,1
1774444637,Wed Mar 25 2026 13:17:17 GMT+0000 (Coordinated Universal Time),4,29,1
1774447828,Wed Mar 25 2026 14:10:28 GMT+0000 (Coordinated Universal Time),4,30,1
1774444643,Wed Mar 25 2026 13:17:23 GMT+0000 (Coordinated Universal Time),4,31,1
1774446772,Wed Mar 25 2026 13:52:52 GMT+0000 (Coordinated Universal Time),4,33,1
1774448868,Wed Mar 25 2026 14:27:48 GMT+0000 (Coordinated Universal Time),4,34,0
1774447818,Wed Mar 25 2026 14:10:18 GMT+0000 (Coordinated Universal Time),4,36,1
1774447812,Wed Mar 25 2026 14:10:12 GMT+0000 (Coordinated Universal Time),4,37,1
1774447773,Wed Mar 25 2026 14:09:33 GMT+0000 (Coordinated Universal Time),4,40,1
1774448016,Wed Mar 25 2026 14:13:36 GMT+0000 (Coordinated Universal Time),4,41,1
1774448025,Wed Mar 25 2026 14:13:45 GMT+0000 (Coordinated Universal Time),4,42,1
1774448628,Wed Mar 25 2026 14:23:48 GMT+0000 (Coordinated Universal Time),4,43,1
1774447801,Wed Mar 25 2026 14:10:01 GMT+0000 (Coordinated Universal Time),4,44,1
1774447894,Wed Mar 25 2026 14:11:34 GMT+0000 (Coordinated Universal Time),4,45,1
1774447815,Wed Mar 25 2026 14:10:15 GMT+0000 (Coordinated Universal Time),4,46,1
1774448309,Wed Mar 25 2026 14:18:29 GMT+0000 (Coordinated Universal Time),4,47,1
1774447863,Wed Mar 25 2026 14:11:03 GMT+0000 (Coordinated Universal Time),4,48,1
1774447849,Wed Mar 25 2026 14:10:49 GMT+0000 (Coordinated Universal Time),4,49,1
1774447908,Wed Mar 25 2026 14:11:48 GMT+0000 (Coordinated Universal Time),4,51,1
1774457100,Wed Mar 25 2026 16:45:00 GMT+0000 (Coordinated Universal Time),4,58,1
1774961709,Tue Mar 31 2026 12:55:09 GMT+0000 (Coordinated Universal Time),4,63,1
1774343814,Tue Mar 24 2026 09:16:54 GMT+0000 (Coordinated Universal Time),5,0,0
1774363534,Tue Mar 24 2026 14:45:34 GMT+0000 (Coordinated Universal Time),5,1,1
1774370222,Tue Mar 24 2026 16:37:02 GMT+0000 (Coordinated Universal Time),5,3,1
1774369820,Tue Mar 24 2026 16:30:20 GMT+0000 (Coordinated Universal Time),5,4,1
1774435542,Wed Mar 25 2026 10:45:42 GMT+0000 (Coordinated Universal Time),5,12,-1
1774435717,Wed Mar 25 2026 10:48:37 GMT+0000 (Coordinated Universal Time),5,13,1
1774437771,Wed Mar 25 2026 11:22:51 GMT+0000 (Coordinated Universal Time),5,14,1
1774446999,Wed Mar 25 2026 13:56:39 GMT+0000 (Coordinated Universal Time),5,15,1
1774443492,Wed Mar 25 2026 12:58:12 GMT+0000 (Coordinated Universal Time),5,17,1
1774444470,Wed Mar 25 2026 13:14:30 GMT+0000 (Coordinated Universal Time),5,19,1
1774447788,Wed Mar 25 2026 14:09:48 GMT+0000 (Coordinated Universal Time),5,20,1
1774444485,Wed Mar 25 2026 13:14:45 GMT+0000 (Coordinated Universal Time),5,23,1
1774447756,Wed Mar 25 2026 14:09:16 GMT+0000 (Coordinated Universal Time),5,25,1
1774444486,Wed Mar 25 2026 13:14:46 GMT+0000 (Coordinated Universal Time),5,26,1
1774444581,Wed Mar 25 2026 13:16:21 GMT+0000 (Coordinated Universal Time),5,29,1
1774447786,Wed Mar 25 2026 14:09:46 GMT+0000 (Coordinated Universal Time),5,30,1
1774444676,Wed Mar 25 2026 13:17:56 GMT+0000 (Coordinated Universal Time),5,31,1
1774446614,Wed Mar 25 2026 13:50:14 GMT+0000 (Coordinated Universal Time),5,33,1
1774448870,Wed Mar 25 2026 14:27:50 GMT+0000 (Coordinated Universal Time),5,34,0
1774448113,Wed Mar 25 2026 14:15:13 GMT+0000 (Coordinated Universal Time),5,35,1
1774447743,Wed Mar 25 2026 14:09:03 GMT+0000 (Coordinated Universal Time),5,36,1
1774447784,Wed Mar 25 2026 14:09:44 GMT+0000 (Coordinated Universal Time),5,37,1
1774447773,Wed Mar 25 2026 14:09:33 GMT+0000 (Coordinated Universal Time),5,38,1
1774447895,Wed Mar 25 2026 14:11:35 GMT+0000 (Coordinated Universal Time),5,41,1
1774448106,Wed Mar 25 2026 14:15:06 GMT+0000 (Coordinated Universal Time),5,42,1
1774448638,Wed Mar 25 2026 14:23:58 GMT+0000 (Coordinated Universal Time),5,43,1
1774458080,Wed Mar 25 2026 17:01:20 GMT+0000 (Coordinated Universal Time),5,44,0
1774447872,Wed Mar 25 2026 14:11:12 GMT+0000 (Coordinated Universal Time),5,45,1
1774448442,Wed Mar 25 2026 14:20:42 GMT+0000 (Coordinated Universal Time),5,47,0
1774451483,Wed Mar 25 2026 15:11:23 GMT+0000 (Coordinated Universal Time),5,48,1
1774447841,Wed Mar 25 2026 14:10:41 GMT+0000 (Coordinated Universal Time),5,49,1
1774447914,Wed Mar 25 2026 14:11:54 GMT+0000 (Coordinated Universal Time),5,50,1
1774447948,Wed Mar 25 2026 14:12:28 GMT+0000 (Coordinated Universal Time),5,51,1
1774449220,Wed Mar 25 2026 14:33:40 GMT+0000 (Coordinated Universal Time),5,52,1
1774457280,Wed Mar 25 2026 16:48:00 GMT+0000 (Coordinated Universal Time),5,58,-1
1774502833,Thu Mar 26 2026 05:27:13 GMT+0000 (Coordinated Universal Time),5,61,1
1774961728,Tue Mar 31 2026 12:55:28 GMT+0000 (Coordinated Universal Time),5,63,1
1774343824,Tue Mar 24 2026 09:17:04 GMT+0000 (Coordinated Universal Time),6,0,0
1774769304,Sun Mar 29 2026 07:28:24 GMT+0000 (Coordinated Universal Time),6,1,1
1774375737,Tue Mar 24 2026 18:08:57 GMT+0000 (Coordinated Universal Time),6,3,1
1774369899,Tue Mar 24 2026 16:31:39 GMT+0000 (Coordinated Universal Time),6,4,1
1774449400,Wed Mar 25 2026 14:36:40 GMT+0000 (Coordinated Universal Time),6,9,1
1774435431,Wed Mar 25 2026 10:43:51 GMT+0000 (Coordinated Universal Time),6,10,1
1774435743,Wed Mar 25 2026 10:49:03 GMT+0000 (Coordinated Universal Time),6,12,1
1774435801,Wed Mar 25 2026 10:50:01 GMT+0000 (Coordinated Universal Time),6,13,1
1774444476,Wed Mar 25 2026 13:14:36 GMT+0000 (Coordinated Universal Time),6,14,1
1774435797,Wed Mar 25 2026 10:49:57 GMT+0000 (Coordinated Universal Time),6,15,1
1774443552,Wed Mar 25 2026 12:59:12 GMT+0000 (Coordinated Universal Time),6,17,1
1774448109,Wed Mar 25 2026 14:15:09 GMT+0000 (Coordinated Universal Time),6,19,1
1774448122,Wed Mar 25 2026 14:15:22 GMT+0000 (Coordinated Universal Time),6,20,1
1774444500,Wed Mar 25 2026 13:15:00 GMT+0000 (Coordinated Universal Time),6,26,1
1774444618,Wed Mar 25 2026 13:16:58 GMT+0000 (Coordinated Universal Time),6,29,1
1774444640,Wed Mar 25 2026 13:17:20 GMT+0000 (Coordinated Universal Time),6,31,1
1774445394,Wed Mar 25 2026 13:29:54 GMT+0000 (Coordinated Universal Time),6,32,1
1774446718,Wed Mar 25 2026 13:51:58 GMT+0000 (Coordinated Universal Time),6,33,1
1774447429,Wed Mar 25 2026 14:03:49 GMT+0000 (Coordinated Universal Time),6,34,1
1774448131,Wed Mar 25 2026 14:15:31 GMT+0000 (Coordinated Universal Time),6,35,-1
1774447811,Wed Mar 25 2026 14:10:11 GMT+0000 (Coordinated Universal Time),6,36,1
1774447797,Wed Mar 25 2026 14:09:57 GMT+0000 (Coordinated Universal Time),6,37,1
1774447948,Wed Mar 25 2026 14:12:28 GMT+0000 (Coordinated Universal Time),6,41,1
1774448008,Wed Mar 25 2026 14:13:28 GMT+0000 (Coordinated Universal Time),6,42,1
1774447857,Wed Mar 25 2026 14:10:57 GMT+0000 (Coordinated Universal Time),6,43,1
1774447864,Wed Mar 25 2026 14:11:04 GMT+0000 (Coordinated Universal Time),6,45,1
1774448400,Wed Mar 25 2026 14:20:00 GMT+0000 (Coordinated Universal Time),6,47,1
1774451478,Wed Mar 25 2026 15:11:18 GMT+0000 (Coordinated Universal Time),6,48,1
1774447966,Wed Mar 25 2026 14:12:46 GMT+0000 (Coordinated Universal Time),6,49,1
1774447921,Wed Mar 25 2026 14:12:01 GMT+0000 (Coordinated Universal Time),6,50,1
1774447923,Wed Mar 25 2026 14:12:03 GMT+0000 (Coordinated Universal Time),6,52,1
1774448489,Wed Mar 25 2026 14:21:29 GMT+0000 (Coordinated Universal Time),6,54,1
1774456131,Wed Mar 25 2026 16:28:51 GMT+0000 (Coordinated Universal Time),6,57,0
1774457231,Wed Mar 25 2026 16:47:11 GMT+0000 (Coordinated Universal Time),6,58,1
1774961660,Tue Mar 31 2026 12:54:20 GMT+0000 (Coordinated Universal Time),6,63,1
1774343832,Tue Mar 24 2026 09:17:12 GMT+0000 (Coordinated Universal Time),7,0,0
1774394265,Tue Mar 24 2026 23:17:45 GMT+0000 (Coordinated Universal Time),7,1,1
1774369847,Tue Mar 24 2026 16:30:47 GMT+0000 (Coordinated Universal Time),7,4,-1
1774414801,Wed Mar 25 2026 05:00:01 GMT+0000 (Coordinated Universal Time),7,9,1
1774435455,Wed Mar 25 2026 10:44:15 GMT+0000 (Coordinated Universal Time),7,10,0
1774435797,Wed Mar 25 2026 10:49:57 GMT+0000 (Coordinated Universal Time),7,12,-1
1774435495,Wed Mar 25 2026 10:44:55 GMT+0000 (Coordinated Universal Time),7,13,0
1774435534,Wed Mar 25 2026 10:45:34 GMT+0000 (Coordinated Universal Time),7,14,1
1774446992,Wed Mar 25 2026 13:56:32 GMT+0000 (Coordinated Universal Time),7,15,1
1774443503,Wed Mar 25 2026 12:58:23 GMT+0000 (Coordinated Universal Time),7,17,1
1774448094,Wed Mar 25 2026 14:14:54 GMT+0000 (Coordinated Universal Time),7,19,1
1774447757,Wed Mar 25 2026 14:09:17 GMT+0000 (Coordinated Universal Time),7,20,-1
1774444557,Wed Mar 25 2026 13:15:57 GMT+0000 (Coordinated Universal Time),7,29,0
1774447774,Wed Mar 25 2026 14:09:34 GMT+0000 (Coordinated Universal Time),7,30,1
1774444655,Wed Mar 25 2026 13:17:35 GMT+0000 (Coordinated Universal Time),7,31,1
1774445380,Wed Mar 25 2026 13:29:40 GMT+0000 (Coordinated Universal Time),7,32,1
1774446710,Wed Mar 25 2026 13:51:50 GMT+0000 (Coordinated Universal Time),7,33,1
1774448872,Wed Mar 25 2026 14:27:52 GMT+0000 (Coordinated Universal Time),7,34,0
1774447806,Wed Mar 25 2026 14:10:06 GMT+0000 (Coordinated Universal Time),7,36,1
1774448223,Wed Mar 25 2026 14:17:03 GMT+0000 (Coordinated Universal Time),7,37,1
1774447766,Wed Mar 25 2026 14:09:26 GMT+0000 (Coordinated Universal Time),7,38,1
1774447768,Wed Mar 25 2026 14:09:28 GMT+0000 (Coordinated Universal Time),7,39,1
1774448009,Wed Mar 25 2026 14:13:29 GMT+0000 (Coordinated Universal Time),7,41,1
1774448053,Wed Mar 25 2026 14:14:13 GMT+0000 (Coordinated Universal Time),7,42,1
1774448655,Wed Mar 25 2026 14:24:15 GMT+0000 (Coordinated Universal Time),7,43,1
1774447807,Wed Mar 25 2026 14:10:07 GMT+0000 (Coordinated Universal Time),7,45,1
1774448454,Wed Mar 25 2026 14:20:54 GMT+0000 (Coordinated Universal Time),7,47,1
1774447834,Wed Mar 25 2026 14:10:34 GMT+0000 (Coordinated Universal Time),7,48,0
1774447901,Wed Mar 25 2026 14:11:41 GMT+0000 (Coordinated Universal Time),7,49,1
1774447871,Wed Mar 25 2026 14:11:11 GMT+0000 (Coordinated Universal Time),7,50,1
1774447937,Wed Mar 25 2026 14:12:17 GMT+0000 (Coordinated Universal Time),7,51,1
1774449261,Wed Mar 25 2026 14:34:21 GMT+0000 (Coordinated Universal Time),7,52,1
1774448464,Wed Mar 25 2026 14:21:04 GMT+0000 (Coordinated Universal Time),7,54,1
1774448694,Wed Mar 25 2026 14:24:54 GMT+0000 (Coordinated Universal Time),7,55,1
1774457325,Wed Mar 25 2026 16:48:45 GMT+0000 (Coordinated Universal Time),7,58,1
1774903677,Mon Mar 30 2026 20:47:57 GMT+0000 (Coordinated Universal Time),7,62,1
1774961677,Tue Mar 31 2026 12:54:37 GMT+0000 (Coordinated Universal Time),7,63,1
1774343840,Tue Mar 24 2026 09:17:20 GMT+0000 (Coordinated Universal Time),8,0,0
1774769294,Sun Mar 29 2026 07:28:14 GMT+0000 (Coordinated Universal Time),8,1,1
1774369828,Tue Mar 24 2026 16:30:28 GMT+0000 (Coordinated Universal Time),8,4,1
1774435567,Wed Mar 25 2026 10:46:07 GMT+0000 (Coordinated Universal Time),8,12,-1
1774435708,Wed Mar 25 2026 10:48:28 GMT+0000 (Coordinated Universal Time),8,13,1
1774435539,Wed Mar 25 2026 10:45:39 GMT+0000 (Coordinated Universal Time),8,14,1
1774435840,Wed Mar 25 2026 10:50:40 GMT+0000 (Coordinated Universal Time),8,15,-1
1774443522,Wed Mar 25 2026 12:58:42 GMT+0000 (Coordinated Universal Time),8,17,-1
1774444461,Wed Mar 25 2026 13:14:21 GMT+0000 (Coordinated Universal Time),8,18,1
1774444464,Wed Mar 25 2026 13:14:24 GMT+0000 (Coordinated Universal Time),8,19,1
1774444514,Wed Mar 25 2026 13:15:14 GMT+0000 (Coordinated Universal Time),8,23,1
1774444481,Wed Mar 25 2026 13:14:41 GMT+0000 (Coordinated Universal Time),8,25,1
1774444491,Wed Mar 25 2026 13:14:51 GMT+0000 (Coordinated Universal Time),8,26,1
1774444552,Wed Mar 25 2026 13:15:52 GMT+0000 (Coordinated Universal Time),8,29,1
1774444672,Wed Mar 25 2026 13:17:52 GMT+0000 (Coordinated Universal Time),8,31,1
1774445418,Wed Mar 25 2026 13:30:18 GMT+0000 (Coordinated Universal Time),8,32,1
1774446664,Wed Mar 25 2026 13:51:04 GMT+0000 (Coordinated Universal Time),8,33,0
1774447844,Wed Mar 25 2026 14:10:44 GMT+0000 (Coordinated Universal Time),8,34,1
1774447786,Wed Mar 25 2026 14:09:46 GMT+0000 (Coordinated Universal Time),8,36,1
1774448153,Wed Mar 25 2026 14:15:53 GMT+0000 (Coordinated Universal Time),8,37,1
1774447790,Wed Mar 25 2026 14:09:50 GMT+0000 (Coordinated Universal Time),8,38,1
1774447958,Wed Mar 25 2026 14:12:38 GMT+0000 (Coordinated Universal Time),8,41,1
1774447810,Wed Mar 25 2026 14:10:10 GMT+0000 (Coordinated Universal Time),8,42,1
1774447861,Wed Mar 25 2026 14:11:01 GMT+0000 (Coordinated Universal Time),8,43,1
1774447805,Wed Mar 25 2026 14:10:05 GMT+0000 (Coordinated Universal Time),8,44,1
1774447799,Wed Mar 25 2026 14:09:59 GMT+0000 (Coordinated Universal Time),8,45,1
1774447810,Wed Mar 25 2026 14:10:10 GMT+0000 (Coordinated Universal Time),8,46,1
1774448375,Wed Mar 25 2026 14:19:35 GMT+0000 (Coordinated Universal Time),8,47,1
1774447887,Wed Mar 25 2026 14:11:27 GMT+0000 (Coordinated Universal Time),8,48,1
1774447955,Wed Mar 25 2026 14:12:35 GMT+0000 (Coordinated Universal Time),8,49,1
1774447921,Wed Mar 25 2026 14:12:01 GMT+0000 (Coordinated Universal Time),8,51,1
1774449231,Wed Mar 25 2026 14:33:51 GMT+0000 (Coordinated Universal Time),8,52,1
1774448460,Wed Mar 25 2026 14:21:00 GMT+0000 (Coordinated Universal Time),8,54,1
1774448706,Wed Mar 25 2026 14:25:06 GMT+0000 (Coordinated Universal Time),8,55,1
1774450311,Wed Mar 25 2026 14:51:51 GMT+0000 (Coordinated Universal Time),8,56,1
1774457109,Wed Mar 25 2026 16:45:09 GMT+0000 (Coordinated Universal Time),8,58,1
1774961631,Tue Mar 31 2026 12:53:51 GMT+0000 (Coordinated Universal Time),8,63,1
1775027187,Wed Apr 01 2026 07:06:27 GMT+0000 (Coordinated Universal Time),8,64,-1
1774343846,Tue Mar 24 2026 09:17:26 GMT+0000 (Coordinated Universal Time),9,0,0
1774769306,Sun Mar 29 2026 07:28:26 GMT+0000 (Coordinated Universal Time),9,1,1
1774369895,Tue Mar 24 2026 16:31:35 GMT+0000 (Coordinated Universal Time),9,4,1
1774414280,Wed Mar 25 2026 04:51:20 GMT+0000 (Coordinated Universal Time),9,8,1
1774435466,Wed Mar 25 2026 10:44:26 GMT+0000 (Coordinated Universal Time),9,10,1
1774435474,Wed Mar 25 2026 10:44:34 GMT+0000 (Coordinated Universal Time),9,12,1
1774435758,Wed Mar 25 2026 10:49:18 GMT+0000 (Coordinated Universal Time),9,13,-1
1774439793,Wed Mar 25 2026 11:56:33 GMT+0000 (Coordinated Universal Time),9,14,1
1774447022,Wed Mar 25 2026 13:57:02 GMT+0000 (Coordinated Universal Time),9,15,-1
1774448123,Wed Mar 25 2026 14:15:23 GMT+0000 (Coordinated Universal Time),9,17,0
1774447754,Wed Mar 25 2026 14:09:14 GMT+0000 (Coordinated Universal Time),9,19,1
1774448132,Wed Mar 25 2026 14:15:32 GMT+0000 (Coordinated Universal Time),9,20,1
1774444572,Wed Mar 25 2026 13:16:12 GMT+0000 (Coordinated Universal Time),9,23,1
1774447750,Wed Mar 25 2026 14:09:10 GMT+0000 (Coordinated Universal Time),9,25,1
1774444613,Wed Mar 25 2026 13:16:53 GMT+0000 (Coordinated Universal Time),9,29,1
1774447749,Wed Mar 25 2026 14:09:09 GMT+0000 (Coordinated Universal Time),9,30,1
1774444637,Wed Mar 25 2026 13:17:17 GMT+0000 (Coordinated Universal Time),9,31,-1
1774445413,Wed Mar 25 2026 13:30:13 GMT+0000 (Coordinated Universal Time),9,32,1
1774446598,Wed Mar 25 2026 13:49:58 GMT+0000 (Coordinated Universal Time),9,33,1
1774447839,Wed Mar 25 2026 14:10:39 GMT+0000 (Coordinated Universal Time),9,34,1
1774447760,Wed Mar 25 2026 14:09:20 GMT+0000 (Coordinated Universal Time),9,36,1
1774447750,Wed Mar 25 2026 14:09:10 GMT+0000 (Coordinated Universal Time),9,37,1
1774447769,Wed Mar 25 2026 14:09:29 GMT+0000 (Coordinated Universal Time),9,38,1
1774447931,Wed Mar 25 2026 14:12:11 GMT+0000 (Coordinated Universal Time),9,41,1
1774448050,Wed Mar 25 2026 14:14:10 GMT+0000 (Coordinated Universal Time),9,42,1
1774447825,Wed Mar 25 2026 14:10:25 GMT+0000 (Coordinated Universal Time),9,43,1
1774447791,Wed Mar 25 2026 14:09:51 GMT+0000 (Coordinated Universal Time),9,44,1
1774447898,Wed Mar 25 2026 14:11:38 GMT+0000 (Coordinated Universal Time),9,45,1
1774448409,Wed Mar 25 2026 14:20:09 GMT+0000 (Coordinated Universal Time),9,47,1
1774451424,Wed Mar 25 2026 15:10:24 GMT+0000 (Coordinated Universal Time),9,48,0
1774447868,Wed Mar 25 2026 14:11:08 GMT+0000 (Coordinated Universal Time),9,49,1
1774447903,Wed Mar 25 2026 14:11:43 GMT+0000 (Coordinated Universal Time),9,50,1
1774447875,Wed Mar 25 2026 14:11:15 GMT+0000 (Coordinated Universal Time),9,51,1
1774449205,Wed Mar 25 2026 14:33:25 GMT+0000 (Coordinated Universal Time),9,52,1
1774449336,Wed Mar 25 2026 14:35:36 GMT+0000 (Coordinated Universal Time),9,55,1
1774456183,Wed Mar 25 2026 16:29:43 GMT+0000 (Coordinated Universal Time),9,57,0
1774457197,Wed Mar 25 2026 16:46:37 GMT+0000 (Coordinated Universal Time),9,58,-1
1774903693,Mon Mar 30 2026 20:48:13 GMT+0000 (Coordinated Universal Time),9,62,1
1774961747,Tue Mar 31 2026 12:55:47 GMT+0000 (Coordinated Universal Time),9,63,1
1774343856,Tue Mar 24 2026 09:17:36 GMT+0000 (Coordinated Universal Time),10,0,0
1774455394,Wed Mar 25 2026 16:16:34 GMT+0000 (Coordinated Universal Time),10,1,-1
1774365126,Tue Mar 24 2026 15:12:06 GMT+0000 (Coordinated Universal Time),10,2,1
1774369743,Tue Mar 24 2026 16:29:03 GMT+0000 (Coordinated Universal Time),10,3,1
1774369813,Tue Mar 24 2026 16:30:13 GMT+0000 (Coordinated Universal Time),10,4,-1
1774394826,Tue Mar 24 2026 23:27:06 GMT+0000 (Coordinated Universal Time),10,7,0
1774435692,Wed Mar 25 2026 10:48:12 GMT+0000 (Coordinated Universal Time),10,12,-1
1774435776,Wed Mar 25 2026 10:49:36 GMT+0000 (Coordinated Universal Time),10,13,-1
1774444567,Wed Mar 25 2026 13:16:07 GMT+0000 (Coordinated Universal Time),10,14,-1
1774435575,Wed Mar 25 2026 10:46:15 GMT+0000 (Coordinated Universal Time),10,15,-1
1774448097,Wed Mar 25 2026 14:14:57 GMT+0000 (Coordinated Universal Time),10,17,0
1774448124,Wed Mar 25 2026 14:15:24 GMT+0000 (Coordinated Universal Time),10,19,1
1774447822,Wed Mar 25 2026 14:10:22 GMT+0000 (Coordinated Universal Time),10,20,-1
1774447770,Wed Mar 25 2026 14:09:30 GMT+0000 (Coordinated Universal Time),10,25,1
1774444579,Wed Mar 25 2026 13:16:19 GMT+0000 (Coordinated Universal Time),10,29,1
1774444688,Wed Mar 25 2026 13:18:08 GMT+0000 (Coordinated Universal Time),10,31,-1
1774446807,Wed Mar 25 2026 13:53:27 GMT+0000 (Coordinated Universal Time),10,33,1
1774448867,Wed Mar 25 2026 14:27:47 GMT+0000 (Coordinated Universal Time),10,34,0
1774447800,Wed Mar 25 2026 14:10:00 GMT+0000 (Coordinated Universal Time),10,36,-1
1774448208,Wed Mar 25 2026 14:16:48 GMT+0000 (Coordinated Universal Time),10,37,1
1774447795,Wed Mar 25 2026 14:09:55 GMT+0000 (Coordinated Universal Time),10,40,1
1774447800,Wed Mar 25 2026 14:10:00 GMT+0000 (Coordinated Universal Time),10,41,1
1774447779,Wed Mar 25 2026 14:09:39 GMT+0000 (Coordinated Universal Time),10,42,1
1774447784,Wed Mar 25 2026 14:09:44 GMT+0000 (Coordinated Universal Time),10,43,-1
1774447867,Wed Mar 25 2026 14:11:07 GMT+0000 (Coordinated Universal Time),10,45,1
1774447800,Wed Mar 25 2026 14:10:00 GMT+0000 (Coordinated Universal Time),10,46,0
1774448356,Wed Mar 25 2026 14:19:16 GMT+0000 (Coordinated Universal Time),10,47,-1
1774447821,Wed Mar 25 2026 14:10:21 GMT+0000 (Coordinated Universal Time),10,48,-1
1774447934,Wed Mar 25 2026 14:12:14 GMT+0000 (Coordinated Universal Time),10,49,-1
1774447898,Wed Mar 25 2026 14:11:38 GMT+0000 (Coordinated Universal Time),10,50,1
1774447914,Wed Mar 25 2026 14:11:54 GMT+0000 (Coordinated Universal Time),10,51,-1
1774447878,Wed Mar 25 2026 14:11:18 GMT+0000 (Coordinated Universal Time),10,52,1
1774448029,Wed Mar 25 2026 14:13:49 GMT+0000 (Coordinated Universal Time),10,53,0
1774448468,Wed Mar 25 2026 14:21:08 GMT+0000 (Coordinated Universal Time),10,54,-1
1774448678,Wed Mar 25 2026 14:24:38 GMT+0000 (Coordinated Universal Time),10,55,1
1774457161,Wed Mar 25 2026 16:46:01 GMT+0000 (Coordinated Universal Time),10,58,1
1774961649,Tue Mar 31 2026 12:54:09 GMT+0000 (Coordinated Universal Time),10,63,1
1774343864,Tue Mar 24 2026 09:17:44 GMT+0000 (Coordinated Universal Time),11,0,0
1774769307,Sun Mar 29 2026 07:28:27 GMT+0000 (Coordinated Universal Time),11,1,-1
1774369927,Tue Mar 24 2026 16:32:07 GMT+0000 (Coordinated Universal Time),11,4,-1
1774435490,Wed Mar 25 2026 10:44:50 GMT+0000 (Coordinated Universal Time),11,11,1
1774435705,Wed Mar 25 2026 10:48:25 GMT+0000 (Coordinated Universal Time),11,12,1
1774435787,Wed Mar 25 2026 10:49:47 GMT+0000 (Coordinated Universal Time),11,13,1
1774444588,Wed Mar 25 2026 13:16:28 GMT+0000 (Coordinated Universal Time),11,14,0
1774435819,Wed Mar 25 2026 10:50:19 GMT+0000 (Coordinated Universal Time),11,15,1
1774443560,Wed Mar 25 2026 12:59:20 GMT+0000 (Coordinated Universal Time),11,17,-1
1774448129,Wed Mar 25 2026 14:15:29 GMT+0000 (Coordinated Universal Time),11,19,1
1774447765,Wed Mar 25 2026 14:09:25 GMT+0000 (Coordinated Universal Time),11,25,1
1774444625,Wed Mar 25 2026 13:17:05 GMT+0000 (Coordinated Universal Time),11,29,0
1774444702,Wed Mar 25 2026 13:18:22 GMT+0000 (Coordinated Universal Time),11,31,1
1774446784,Wed Mar 25 2026 13:53:04 GMT+0000 (Coordinated Universal Time),11,33,1
1774448877,Wed Mar 25 2026 14:27:57 GMT+0000 (Coordinated Universal Time),11,34,0
1774447852,Wed Mar 25 2026 14:10:52 GMT+0000 (Coordinated Universal Time),11,36,-1
1774447768,Wed Mar 25 2026 14:09:28 GMT+0000 (Coordinated Universal Time),11,37,-1
1774447787,Wed Mar 25 2026 14:09:47 GMT+0000 (Coordinated Universal Time),11,38,0
1774447978,Wed Mar 25 2026 14:12:58 GMT+0000 (Coordinated Universal Time),11,41,-1
1774448064,Wed Mar 25 2026 14:14:24 GMT+0000 (Coordinated Universal Time),11,42,0
1774448634,Wed Mar 25 2026 14:23:54 GMT+0000 (Coordinated Universal Time),11,43,1
1774447850,Wed Mar 25 2026 14:10:50 GMT+0000 (Coordinated Universal Time),11,45,-1
1774447822,Wed Mar 25 2026 14:10:22 GMT+0000 (Coordinated Universal Time),11,46,0
1774448393,Wed Mar 25 2026 14:19:53 GMT+0000 (Coordinated Universal Time),11,47,0
1774447884,Wed Mar 25 2026 14:11:24 GMT+0000 (Coordinated Universal Time),11,48,0
1774447862,Wed Mar 25 2026 14:11:02 GMT+0000 (Coordinated Universal Time),11,49,-1
1774449266,Wed Mar 25 2026 14:34:26 GMT+0000 (Coordinated Universal Time),11,52,1
1774448577,Wed Mar 25 2026 14:22:57 GMT+0000 (Coordinated Universal Time),11,54,0
1774457144,Wed Mar 25 2026 16:45:44 GMT+0000 (Coordinated Universal Time),11,58,1
1774460357,Wed Mar 25 2026 17:39:17 GMT+0000 (Coordinated Universal Time),11,60,1
1774961688,Tue Mar 31 2026 12:54:48 GMT+0000 (Coordinated Universal Time),11,63,-1
1774343871,Tue Mar 24 2026 09:17:51 GMT+0000 (Coordinated Universal Time),12,0,0
1774363540,Tue Mar 24 2026 14:45:40 GMT+0000 (Coordinated Universal Time),12,1,-1
1774369791,Tue Mar 24 2026 16:29:51 GMT+0000 (Coordinated Universal Time),12,4,1
1774374400,Tue Mar 24 2026 17:46:40 GMT+0000 (Coordinated Universal Time),12,5,1
1774394823,Tue Mar 24 2026 23:27:03 GMT+0000 (Coordinated Universal Time),12,7,0
1774414798,Wed Mar 25 2026 04:59:58 GMT+0000 (Coordinated Universal Time),12,9,1
1774435558,Wed Mar 25 2026 10:45:58 GMT+0000 (Coordinated Universal Time),12,12,1
1774435790,Wed Mar 25 2026 10:49:50 GMT+0000 (Coordinated Universal Time),12,13,1
1774435640,Wed Mar 25 2026 10:47:20 GMT+0000 (Coordinated Universal Time),12,14,1
1774369577,Tue Mar 24 2026 16:26:17 GMT+0000 (Coordinated Universal Time),12,15,1
1774448093,Wed Mar 25 2026 14:14:53 GMT+0000 (Coordinated Universal Time),12,17,1
1774448106,Wed Mar 25 2026 14:15:06 GMT+0000 (Coordinated Universal Time),12,19,1
1774444469,Wed Mar 25 2026 13:14:29 GMT+0000 (Coordinated Universal Time),12,20,1
1774444498,Wed Mar 25 2026 13:14:58 GMT+0000 (Coordinated Universal Time),12,26,1
1774444634,Wed Mar 25 2026 13:17:14 GMT+0000 (Coordinated Universal Time),12,29,1
1774444708,Wed Mar 25 2026 13:18:28 GMT+0000 (Coordinated Universal Time),12,31,1
1774445377,Wed Mar 25 2026 13:29:37 GMT+0000 (Coordinated Universal Time),12,32,1
1774446820,Wed Mar 25 2026 13:53:40 GMT+0000 (Coordinated Universal Time),12,33,1
1774448874,Wed Mar 25 2026 14:27:54 GMT+0000 (Coordinated Universal Time),12,34,0
1774447831,Wed Mar 25 2026 14:10:31 GMT+0000 (Coordinated Universal Time),12,36,1
1774448184,Wed Mar 25 2026 14:16:24 GMT+0000 (Coordinated Universal Time),12,37,1
1774447750,Wed Mar 25 2026 14:09:10 GMT+0000 (Coordinated Universal Time),12,38,1
1774447762,Wed Mar 25 2026 14:09:22 GMT+0000 (Coordinated Universal Time),12,39,1
1774447901,Wed Mar 25 2026 14:11:41 GMT+0000 (Coordinated Universal Time),12,41,1
1774448045,Wed Mar 25 2026 14:14:05 GMT+0000 (Coordinated Universal Time),12,42,1
1774448626,Wed Mar 25 2026 14:23:46 GMT+0000 (Coordinated Universal Time),12,43,1
1774447855,Wed Mar 25 2026 14:10:55 GMT+0000 (Coordinated Universal Time),12,45,1
1774448462,Wed Mar 25 2026 14:21:02 GMT+0000 (Coordinated Universal Time),12,47,1
1774447892,Wed Mar 25 2026 14:11:32 GMT+0000 (Coordinated Universal Time),12,48,-1
1774447945,Wed Mar 25 2026 14:12:25 GMT+0000 (Coordinated Universal Time),12,49,1
1774449215,Wed Mar 25 2026 14:33:35 GMT+0000 (Coordinated Universal Time),12,52,1
1774448582,Wed Mar 25 2026 14:23:02 GMT+0000 (Coordinated Universal Time),12,54,1
1774448663,Wed Mar 25 2026 14:24:23 GMT+0000 (Coordinated Universal Time),12,55,1
1774457266,Wed Mar 25 2026 16:47:46 GMT+0000 (Coordinated Universal Time),12,58,1
1774458486,Wed Mar 25 2026 17:08:06 GMT+0000 (Coordinated Universal Time),12,59,1
1774961627,Tue Mar 31 2026 12:53:47 GMT+0000 (Coordinated Universal Time),12,63,1
1774343879,Tue Mar 24 2026 09:17:59 GMT+0000 (Coordinated Universal Time),13,0,0
1774769301,Sun Mar 29 2026 07:28:21 GMT+0000 (Coordinated Universal Time),13,1,1
1774369888,Tue Mar 24 2026 16:31:28 GMT+0000 (Coordinated Universal Time),13,4,1
1774435467,Wed Mar 25 2026 10:44:27 GMT+0000 (Coordinated Universal Time),13,11,1
1774435510,Wed Mar 25 2026 10:45:10 GMT+0000 (Coordinated Universal Time),13,12,1
1774435751,Wed Mar 25 2026 10:49:11 GMT+0000 (Coordinated Universal Time),13,13,-1
1774444535,Wed Mar 25 2026 13:15:35 GMT+0000 (Coordinated Universal Time),13,14,1
1774447029,Wed Mar 25 2026 13:57:09 GMT+0000 (Coordinated Universal Time),13,15,1
1774443484,Wed Mar 25 2026 12:58:04 GMT+0000 (Coordinated Universal Time),13,17,1
1774448100,Wed Mar 25 2026 14:15:00 GMT+0000 (Coordinated Universal Time),13,19,1
1774448031,Wed Mar 25 2026 14:13:51 GMT+0000 (Coordinated Universal Time),13,20,1
1774444532,Wed Mar 25 2026 13:15:32 GMT+0000 (Coordinated Universal Time),13,23,1
1774447802,Wed Mar 25 2026 14:10:02 GMT+0000 (Coordinated Universal Time),13,25,1
1774444547,Wed Mar 25 2026 13:15:47 GMT+0000 (Coordinated Universal Time),13,28,1
1774444586,Wed Mar 25 2026 13:16:26 GMT+0000 (Coordinated Universal Time),13,29,1
1774447758,Wed Mar 25 2026 14:09:18 GMT+0000 (Coordinated Universal Time),13,30,1
1774444617,Wed Mar 25 2026 13:16:57 GMT+0000 (Coordinated Universal Time),13,31,1
1774446682,Wed Mar 25 2026 13:51:22 GMT+0000 (Coordinated Universal Time),13,33,1
1774447417,Wed Mar 25 2026 14:03:37 GMT+0000 (Coordinated Universal Time),13,34,1
1774447764,Wed Mar 25 2026 14:09:24 GMT+0000 (Coordinated Universal Time),13,36,1
1774447773,Wed Mar 25 2026 14:09:33 GMT+0000 (Coordinated Universal Time),13,37,1
1774447815,Wed Mar 25 2026 14:10:15 GMT+0000 (Coordinated Universal Time),13,40,1
1774448013,Wed Mar 25 2026 14:13:33 GMT+0000 (Coordinated Universal Time),13,41,1
1774448031,Wed Mar 25 2026 14:13:51 GMT+0000 (Coordinated Universal Time),13,42,1
1774448642,Wed Mar 25 2026 14:24:02 GMT+0000 (Coordinated Universal Time),13,43,1
1774458077,Wed Mar 25 2026 17:01:17 GMT+0000 (Coordinated Universal Time),13,44,1
1774447803,Wed Mar 25 2026 14:10:03 GMT+0000 (Coordinated Universal Time),13,45,1
1774448363,Wed Mar 25 2026 14:19:23 GMT+0000 (Coordinated Universal Time),13,47,1
1774451429,Wed Mar 25 2026 15:10:29 GMT+0000 (Coordinated Universal Time),13,48,1
1774447854,Wed Mar 25 2026 14:10:54 GMT+0000 (Coordinated Universal Time),13,49,1
1774449258,Wed Mar 25 2026 14:34:18 GMT+0000 (Coordinated Universal Time),13,52,1
1774457151,Wed Mar 25 2026 16:45:51 GMT+0000 (Coordinated Universal Time),13,58,1
1774961680,Tue Mar 31 2026 12:54:40 GMT+0000 (Coordinated Universal Time),13,63,1
1774343884,Tue Mar 24 2026 09:18:04 GMT+0000 (Coordinated Universal Time),14,0,0
1774769289,Sun Mar 29 2026 07:28:09 GMT+0000 (Coordinated Universal Time),14,1,1
1774369880,Tue Mar 24 2026 16:31:20 GMT+0000 (Coordinated Universal Time),14,4,1
1774394821,Tue Mar 24 2026 23:27:01 GMT+0000 (Coordinated Universal Time),14,7,0
1774435481,Wed Mar 25 2026 10:44:41 GMT+0000 (Coordinated Universal Time),14,11,-1
1774435788,Wed Mar 25 2026 10:49:48 GMT+0000 (Coordinated Universal Time),14,12,1
1774435809,Wed Mar 25 2026 10:50:09 GMT+0000 (Coordinated Universal Time),14,13,1
1774444500,Wed Mar 25 2026 13:15:00 GMT+0000 (Coordinated Universal Time),14,14,-1
1774447014,Wed Mar 25 2026 13:56:54 GMT+0000 (Coordinated Universal Time),14,15,1
1774443531,Wed Mar 25 2026 12:58:51 GMT+0000 (Coordinated Universal Time),14,17,1
1774448118,Wed Mar 25 2026 14:15:18 GMT+0000 (Coordinated Universal Time),14,19,-1
1774447783,Wed Mar 25 2026 14:09:43 GMT+0000 (Coordinated Universal Time),14,25,-1
1774444511,Wed Mar 25 2026 13:15:11 GMT+0000 (Coordinated Universal Time),14,27,-1
1774444602,Wed Mar 25 2026 13:16:42 GMT+0000 (Coordinated Universal Time),14,29,0
1774444566,Wed Mar 25 2026 13:16:06 GMT+0000 (Coordinated Universal Time),14,30,-1
1774444626,Wed Mar 25 2026 13:17:06 GMT+0000 (Coordinated Universal Time),14,31,0
1774445406,Wed Mar 25 2026 13:30:06 GMT+0000 (Coordinated Universal Time),14,32,1
1774446653,Wed Mar 25 2026 13:50:53 GMT+0000 (Coordinated Universal Time),14,33,0
1774448856,Wed Mar 25 2026 14:27:36 GMT+0000 (Coordinated Universal Time),14,34,0
1774447487,Wed Mar 25 2026 14:04:47 GMT+0000 (Coordinated Universal Time),14,35,0
1774447737,Wed Mar 25 2026 14:08:57 GMT+0000 (Coordinated Universal Time),14,36,-1
1774448191,Wed Mar 25 2026 14:16:31 GMT+0000 (Coordinated Universal Time),14,37,-1
1774447866,Wed Mar 25 2026 14:11:06 GMT+0000 (Coordinated Universal Time),14,41,-1
1774448020,Wed Mar 25 2026 14:13:40 GMT+0000 (Coordinated Universal Time),14,42,-1
1774448649,Wed Mar 25 2026 14:24:09 GMT+0000 (Coordinated Universal Time),14,43,-1
1774447840,Wed Mar 25 2026 14:10:40 GMT+0000 (Coordinated Universal Time),14,45,1
1774447825,Wed Mar 25 2026 14:10:25 GMT+0000 (Coordinated Universal Time),14,46,0
1774447806,Wed Mar 25 2026 14:10:06 GMT+0000 (Coordinated Universal Time),14,47,-1
1774451437,Wed Mar 25 2026 15:10:37 GMT+0000 (Coordinated Universal Time),14,48,0
1774447835,Wed Mar 25 2026 14:10:35 GMT+0000 (Coordinated Universal Time),14,49,-1
1774447893,Wed Mar 25 2026 14:11:33 GMT+0000 (Coordinated Universal Time),14,50,-1
1774449250,Wed Mar 25 2026 14:34:10 GMT+0000 (Coordinated Universal Time),14,52,-1
1774448515,Wed Mar 25 2026 14:21:55 GMT+0000 (Coordinated Universal Time),14,54,0
1774448672,Wed Mar 25 2026 14:24:32 GMT+0000 (Coordinated Universal Time),14,55,-1
1774457221,Wed Mar 25 2026 16:47:01 GMT+0000 (Coordinated Universal Time),14,58,1
1774961644,Tue Mar 31 2026 12:54:04 GMT+0000 (Coordinated Universal Time),14,63,-1
1774343893,Tue Mar 24 2026 09:18:13 GMT+0000 (Coordinated Universal Time),15,0,0
1774769286,Sun Mar 29 2026 07:28:06 GMT+0000 (Coordinated Universal Time),15,1,1
1774369908,Tue Mar 24 2026 16:31:48 GMT+0000 (Coordinated Universal Time),15,4,1
1774435720,Wed Mar 25 2026 10:48:40 GMT+0000 (Coordinated Universal Time),15,12,1
1774435732,Wed Mar 25 2026 10:48:52 GMT+0000 (Coordinated Universal Time),15,13,1
1774444552,Wed Mar 25 2026 13:15:52 GMT+0000 (Coordinated Universal Time),15,14,1
1774435719,Wed Mar 25 2026 10:48:39 GMT+0000 (Coordinated Universal Time),15,15,1
1774448109,Wed Mar 25 2026 14:15:09 GMT+0000 (Coordinated Universal Time),15,17,0
1774448112,Wed Mar 25 2026 14:15:12 GMT+0000 (Coordinated Universal Time),15,19,1
1774444499,Wed Mar 25 2026 13:14:59 GMT+0000 (Coordinated Universal Time),15,23,1
1774444528,Wed Mar 25 2026 13:15:28 GMT+0000 (Coordinated Universal Time),15,28,1
1774444621,Wed Mar 25 2026 13:17:01 GMT+0000 (Coordinated Universal Time),15,29,1
1774447754,Wed Mar 25 2026 14:09:14 GMT+0000 (Coordinated Universal Time),15,30,1
1774444663,Wed Mar 25 2026 13:17:43 GMT+0000 (Coordinated Universal Time),15,31,1
1774445398,Wed Mar 25 2026 13:29:58 GMT+0000 (Coordinated Universal Time),15,32,1
1774446692,Wed Mar 25 2026 13:51:32 GMT+0000 (Coordinated Universal Time),15,33,1
1774447853,Wed Mar 25 2026 14:10:53 GMT+0000 (Coordinated Universal Time),15,34,1
1774448072,Wed Mar 25 2026 14:14:32 GMT+0000 (Coordinated Universal Time),15,35,-1
1774447815,Wed Mar 25 2026 14:10:15 GMT+0000 (Coordinated Universal Time),15,36,1
1774448067,Wed Mar 25 2026 14:14:27 GMT+0000 (Coordinated Universal Time),15,37,1
1774447924,Wed Mar 25 2026 14:12:04 GMT+0000 (Coordinated Universal Time),15,39,1
1774447818,Wed Mar 25 2026 14:10:18 GMT+0000 (Coordinated Universal Time),15,40,1
1774447939,Wed Mar 25 2026 14:12:19 GMT+0000 (Coordinated Universal Time),15,41,1
1774447783,Wed Mar 25 2026 14:09:43 GMT+0000 (Coordinated Universal Time),15,42,1
1774447790,Wed Mar 25 2026 14:09:50 GMT+0000 (Coordinated Universal Time),15,43,1
1774447834,Wed Mar 25 2026 14:10:34 GMT+0000 (Coordinated Universal Time),15,45,-1
1774447839,Wed Mar 25 2026 14:10:39 GMT+0000 (Coordinated Universal Time),15,46,1
1774447818,Wed Mar 25 2026 14:10:18 GMT+0000 (Coordinated Universal Time),15,47,1
1774451455,Wed Mar 25 2026 15:10:55 GMT+0000 (Coordinated Universal Time),15,48,1
1774447938,Wed Mar 25 2026 14:12:18 GMT+0000 (Coordinated Universal Time),15,49,1
1774447878,Wed Mar 25 2026 14:11:18 GMT+0000 (Coordinated Universal Time),15,50,1
1774447927,Wed Mar 25 2026 14:12:07 GMT+0000 (Coordinated Universal Time),15,52,1
1774448547,Wed Mar 25 2026 14:22:27 GMT+0000 (Coordinated Universal Time),15,54,1
1774457260,Wed Mar 25 2026 16:47:40 GMT+0000 (Coordinated Universal Time),15,58,1
1774903687,Mon Mar 30 2026 20:48:07 GMT+0000 (Coordinated Universal Time),15,62,1
1774961693,Tue Mar 31 2026 12:54:53 GMT+0000 (Coordinated Universal Time),15,63,1
1774343900,Tue Mar 24 2026 09:18:20 GMT+0000 (Coordinated Universal Time),16,0,0
1774769305,Sun Mar 29 2026 07:28:25 GMT+0000 (Coordinated Universal Time),16,1,1
1774369918,Tue Mar 24 2026 16:31:58 GMT+0000 (Coordinated Universal Time),16,4,1
1774435473,Wed Mar 25 2026 10:44:33 GMT+0000 (Coordinated Universal Time),16,10,0
1774435751,Wed Mar 25 2026 10:49:11 GMT+0000 (Coordinated Universal Time),16,12,1
1774435721,Wed Mar 25 2026 10:48:41 GMT+0000 (Coordinated Universal Time),16,13,1
1774435857,Wed Mar 25 2026 10:50:57 GMT+0000 (Coordinated Universal Time),16,14,1
1774370938,Tue Mar 24 2026 16:48:58 GMT+0000 (Coordinated Universal Time),16,15,1
1774448066,Wed Mar 25 2026 14:14:26 GMT+0000 (Coordinated Universal Time),16,17,1
1774444464,Wed Mar 25 2026 13:14:24 GMT+0000 (Coordinated Universal Time),16,18,1
1774447827,Wed Mar 25 2026 14:10:27 GMT+0000 (Coordinated Universal Time),16,20,1
1774447786,Wed Mar 25 2026 14:09:46 GMT+0000 (Coordinated Universal Time),16,25,1
1774444554,Wed Mar 25 2026 13:15:54 GMT+0000 (Coordinated Universal Time),16,29,1
1774447855,Wed Mar 25 2026 14:10:55 GMT+0000 (Coordinated Universal Time),16,30,1
1774444706,Wed Mar 25 2026 13:18:26 GMT+0000 (Coordinated Universal Time),16,31,1
1774446618,Wed Mar 25 2026 13:50:18 GMT+0000 (Coordinated Universal Time),16,33,1
1774447930,Wed Mar 25 2026 14:12:10 GMT+0000 (Coordinated Universal Time),16,34,1
1774447791,Wed Mar 25 2026 14:09:51 GMT+0000 (Coordinated Universal Time),16,36,-1
1774448176,Wed Mar 25 2026 14:16:16 GMT+0000 (Coordinated Universal Time),16,37,1
1774447776,Wed Mar 25 2026 14:09:36 GMT+0000 (Coordinated Universal Time),16,38,1
1774448019,Wed Mar 25 2026 14:13:39 GMT+0000 (Coordinated Universal Time),16,41,1
1774447786,Wed Mar 25 2026 14:09:46 GMT+0000 (Coordinated Universal Time),16,42,1
1774447853,Wed Mar 25 2026 14:10:53 GMT+0000 (Coordinated Universal Time),16,43,1
1774447820,Wed Mar 25 2026 14:10:20 GMT+0000 (Coordinated Universal Time),16,45,1
1774448467,Wed Mar 25 2026 14:21:07 GMT+0000 (Coordinated Universal Time),16,47,1
1774447868,Wed Mar 25 2026 14:11:08 GMT+0000 (Coordinated Universal Time),16,48,1
1774447927,Wed Mar 25 2026 14:12:07 GMT+0000 (Coordinated Universal Time),16,49,1
1774447943,Wed Mar 25 2026 14:12:23 GMT+0000 (Coordinated Universal Time),16,51,1
1774448454,Wed Mar 25 2026 14:20:54 GMT+0000 (Coordinated Universal Time),16,54,1
1774449620,Wed Mar 25 2026 14:40:20 GMT+0000 (Coordinated Universal Time),16,55,1
1774456109,Wed Mar 25 2026 16:28:29 GMT+0000 (Coordinated Universal Time),16,57,0
1774457300,Wed Mar 25 2026 16:48:20 GMT+0000 (Coordinated Universal Time),16,58,1
1774961673,Tue Mar 31 2026 12:54:33 GMT+0000 (Coordinated Universal Time),16,63,1
1775027190,Wed Apr 01 2026 07:06:30 GMT+0000 (Coordinated Universal Time),16,64,1
1774343906,Tue Mar 24 2026 09:18:26 GMT+0000 (Coordinated Universal Time),17,0,0
1774394280,Tue Mar 24 2026 23:18:00 GMT+0000 (Coordinated Universal Time),17,1,1
1774369175,Tue Mar 24 2026 16:19:35 GMT+0000 (Coordinated Universal Time),17,3,1
1774369805,Tue Mar 24 2026 16:30:05 GMT+0000 (Coordinated Universal Time),17,4,1
1774414789,Wed Mar 25 2026 04:59:49 GMT+0000 (Coordinated Universal Time),17,9,1
1774435595,Wed Mar 25 2026 10:46:35 GMT+0000 (Coordinated Universal Time),17,12,1
1774435481,Wed Mar 25 2026 10:44:41 GMT+0000 (Coordinated Universal Time),17,13,0
1774435823,Wed Mar 25 2026 10:50:23 GMT+0000 (Coordinated Universal Time),17,14,1
1774435707,Wed Mar 25 2026 10:48:27 GMT+0000 (Coordinated Universal Time),17,15,1
1774448105,Wed Mar 25 2026 14:15:05 GMT+0000 (Coordinated Universal Time),17,17,1
1774448097,Wed Mar 25 2026 14:14:57 GMT+0000 (Coordinated Universal Time),17,19,1
1774444609,Wed Mar 25 2026 13:16:49 GMT+0000 (Coordinated Universal Time),17,28,1
1774444562,Wed Mar 25 2026 13:16:02 GMT+0000 (Coordinated Universal Time),17,29,1
1774447822,Wed Mar 25 2026 14:10:22 GMT+0000 (Coordinated Universal Time),17,30,1
1774444649,Wed Mar 25 2026 13:17:29 GMT+0000 (Coordinated Universal Time),17,31,1
1774446630,Wed Mar 25 2026 13:50:30 GMT+0000 (Coordinated Universal Time),17,33,1
1774447921,Wed Mar 25 2026 14:12:01 GMT+0000 (Coordinated Universal Time),17,34,0
1774447847,Wed Mar 25 2026 14:10:47 GMT+0000 (Coordinated Universal Time),17,36,1
1774448214,Wed Mar 25 2026 14:16:54 GMT+0000 (Coordinated Universal Time),17,37,1
1774447778,Wed Mar 25 2026 14:09:38 GMT+0000 (Coordinated Universal Time),17,41,1
1774447805,Wed Mar 25 2026 14:10:05 GMT+0000 (Coordinated Universal Time),17,42,-1
1774448614,Wed Mar 25 2026 14:23:34 GMT+0000 (Coordinated Universal Time),17,43,1
1774447812,Wed Mar 25 2026 14:10:12 GMT+0000 (Coordinated Universal Time),17,45,1
1774448421,Wed Mar 25 2026 14:20:21 GMT+0000 (Coordinated Universal Time),17,47,0
1774451475,Wed Mar 25 2026 15:11:15 GMT+0000 (Coordinated Universal Time),17,48,1
1774447894,Wed Mar 25 2026 14:11:34 GMT+0000 (Coordinated Universal Time),17,49,1
1774448568,Wed Mar 25 2026 14:22:48 GMT+0000 (Coordinated Universal Time),17,54,1
1774457246,Wed Mar 25 2026 16:47:26 GMT+0000 (Coordinated Universal Time),17,58,1
1774458485,Wed Mar 25 2026 17:08:05 GMT+0000 (Coordinated Universal Time),17,59,-1
1774502835,Thu Mar 26 2026 05:27:15 GMT+0000 (Coordinated Universal Time),17,61,-1
1774961737,Tue Mar 31 2026 12:55:37 GMT+0000 (Coordinated Universal Time),17,63,1
1774343912,Tue Mar 24 2026 09:18:32 GMT+0000 (Coordinated Universal Time),18,0,0
1774394253,Tue Mar 24 2026 23:17:33 GMT+0000 (Coordinated Universal Time),18,1,1
1774369913,Tue Mar 24 2026 16:31:53 GMT+0000 (Coordinated Universal Time),18,4,1
1774435763,Wed Mar 25 2026 10:49:23 GMT+0000 (Coordinated Universal Time),18,12,-1
1774435778,Wed Mar 25 2026 10:49:38 GMT+0000 (Coordinated Universal Time),18,13,1
1774435644,Wed Mar 25 2026 10:47:24 GMT+0000 (Coordinated Universal Time),18,14,1
1774438171,Wed Mar 25 2026 11:29:31 GMT+0000 (Coordinated Universal Time),18,15,1
1774441228,Wed Mar 25 2026 12:20:28 GMT+0000 (Coordinated Universal Time),18,16,1
1774448133,Wed Mar 25 2026 14:15:33 GMT+0000 (Coordinated Universal Time),18,17,0
1774447756,Wed Mar 25 2026 14:09:16 GMT+0000 (Coordinated Universal Time),18,19,1
1774444542,Wed Mar 25 2026 13:15:42 GMT+0000 (Coordinated Universal Time),18,23,1
1774447774,Wed Mar 25 2026 14:09:34 GMT+0000 (Coordinated Universal Time),18,25,1
1774444516,Wed Mar 25 2026 13:15:16 GMT+0000 (Coordinated Universal Time),18,27,1
1774444630,Wed Mar 25 2026 13:17:10 GMT+0000 (Coordinated Universal Time),18,29,1
1774447832,Wed Mar 25 2026 14:10:32 GMT+0000 (Coordinated Universal Time),18,30,1
1774444657,Wed Mar 25 2026 13:17:37 GMT+0000 (Coordinated Universal Time),18,31,1
1774446581,Wed Mar 25 2026 13:49:41 GMT+0000 (Coordinated Universal Time),18,33,1
1774448859,Wed Mar 25 2026 14:27:39 GMT+0000 (Coordinated Universal Time),18,34,1
1774448136,Wed Mar 25 2026 14:15:36 GMT+0000 (Coordinated Universal Time),18,35,1
1774447774,Wed Mar 25 2026 14:09:34 GMT+0000 (Coordinated Universal Time),18,36,1
1774447789,Wed Mar 25 2026 14:09:49 GMT+0000 (Coordinated Universal Time),18,37,1
1774447786,Wed Mar 25 2026 14:09:46 GMT+0000 (Coordinated Universal Time),18,40,1
1774447935,Wed Mar 25 2026 14:12:15 GMT+0000 (Coordinated Universal Time),18,41,1
1774447788,Wed Mar 25 2026 14:09:48 GMT+0000 (Coordinated Universal Time),18,42,1
1774447848,Wed Mar 25 2026 14:10:48 GMT+0000 (Coordinated Universal Time),18,43,1
1774447859,Wed Mar 25 2026 14:10:59 GMT+0000 (Coordinated Universal Time),18,45,1
1774447845,Wed Mar 25 2026 14:10:45 GMT+0000 (Coordinated Universal Time),18,46,1
1774448474,Wed Mar 25 2026 14:21:14 GMT+0000 (Coordinated Universal Time),18,47,1
1774451441,Wed Mar 25 2026 15:10:41 GMT+0000 (Coordinated Universal Time),18,48,1
1774447948,Wed Mar 25 2026 14:12:28 GMT+0000 (Coordinated Universal Time),18,49,1
1774447906,Wed Mar 25 2026 14:11:46 GMT+0000 (Coordinated Universal Time),18,50,1
1774448533,Wed Mar 25 2026 14:22:13 GMT+0000 (Coordinated Universal Time),18,54,1
1774448698,Wed Mar 25 2026 14:24:58 GMT+0000 (Coordinated Universal Time),18,55,-1
1774457207,Wed Mar 25 2026 16:46:47 GMT+0000 (Coordinated Universal Time),18,58,1
1774961740,Tue Mar 31 2026 12:55:40 GMT+0000 (Coordinated Universal Time),18,63,1
1774343923,Tue Mar 24 2026 09:18:43 GMT+0000 (Coordinated Universal Time),19,0,0
1774769300,Sun Mar 29 2026 07:28:20 GMT+0000 (Coordinated Universal Time),19,1,1
1774369841,Tue Mar 24 2026 16:30:41 GMT+0000 (Coordinated Universal Time),19,4,-1
1774435473,Wed Mar 25 2026 10:44:33 GMT+0000 (Coordinated Universal Time),19,11,1
1774435637,Wed Mar 25 2026 10:47:17 GMT+0000 (Coordinated Universal Time),19,12,-1
1774435728,Wed Mar 25 2026 10:48:48 GMT+0000 (Coordinated Universal Time),19,13,-1
1774439798,Wed Mar 25 2026 11:56:38 GMT+0000 (Coordinated Universal Time),19,14,1
1774438166,Wed Mar 25 2026 11:29:26 GMT+0000 (Coordinated Universal Time),19,15,1
1774443538,Wed Mar 25 2026 12:58:58 GMT+0000 (Coordinated Universal Time),19,17,1
1774447750,Wed Mar 25 2026 14:09:10 GMT+0000 (Coordinated Universal Time),19,19,1
1774444475,Wed Mar 25 2026 13:14:35 GMT+0000 (Coordinated Universal Time),19,22,1
1774444565,Wed Mar 25 2026 13:16:05 GMT+0000 (Coordinated Universal Time),19,23,1
1774444478,Wed Mar 25 2026 13:14:38 GMT+0000 (Coordinated Universal Time),19,24,-1
1774447776,Wed Mar 25 2026 14:09:36 GMT+0000 (Coordinated Universal Time),19,25,1
1774444493,Wed Mar 25 2026 13:14:53 GMT+0000 (Coordinated Universal Time),19,26,1
1774444592,Wed Mar 25 2026 13:16:32 GMT+0000 (Coordinated Universal Time),19,28,1
1774444584,Wed Mar 25 2026 13:16:24 GMT+0000 (Coordinated Universal Time),19,29,1
1774447780,Wed Mar 25 2026 14:09:40 GMT+0000 (Coordinated Universal Time),19,30,-1
1774444619,Wed Mar 25 2026 13:16:59 GMT+0000 (Coordinated Universal Time),19,31,-1
1774445422,Wed Mar 25 2026 13:30:22 GMT+0000 (Coordinated Universal Time),19,32,1
1774446592,Wed Mar 25 2026 13:49:52 GMT+0000 (Coordinated Universal Time),19,33,1
1774447826,Wed Mar 25 2026 14:10:26 GMT+0000 (Coordinated Universal Time),19,34,1
1774447778,Wed Mar 25 2026 14:09:38 GMT+0000 (Coordinated Universal Time),19,36,-1
1774448165,Wed Mar 25 2026 14:16:05 GMT+0000 (Coordinated Universal Time),19,37,1
1774447764,Wed Mar 25 2026 14:09:24 GMT+0000 (Coordinated Universal Time),19,38,1
1774447821,Wed Mar 25 2026 14:10:21 GMT+0000 (Coordinated Universal Time),19,40,1
1774447824,Wed Mar 25 2026 14:10:24 GMT+0000 (Coordinated Universal Time),19,41,1
1774448067,Wed Mar 25 2026 14:14:27 GMT+0000 (Coordinated Universal Time),19,42,0
1774447818,Wed Mar 25 2026 14:10:18 GMT+0000 (Coordinated Universal Time),19,43,1
1774447817,Wed Mar 25 2026 14:10:17 GMT+0000 (Coordinated Universal Time),19,45,1
1774447835,Wed Mar 25 2026 14:10:35 GMT+0000 (Coordinated Universal Time),19,46,0
1774447812,Wed Mar 25 2026 14:10:12 GMT+0000 (Coordinated Universal Time),19,47,-1
1774447875,Wed Mar 25 2026 14:11:15 GMT+0000 (Coordinated Universal Time),19,48,0
1774447897,Wed Mar 25 2026 14:11:37 GMT+0000 (Coordinated Universal Time),19,49,1
1774447923,Wed Mar 25 2026 14:12:03 GMT+0000 (Coordinated Universal Time),19,50,1
1774449197,Wed Mar 25 2026 14:33:17 GMT+0000 (Coordinated Universal Time),19,52,-1
1774456116,Wed Mar 25 2026 16:28:36 GMT+0000 (Coordinated Universal Time),19,57,0
1774457035,Wed Mar 25 2026 16:43:55 GMT+0000 (Coordinated Universal Time),19,58,1
1774961732,Tue Mar 31 2026 12:55:32 GMT+0000 (Coordinated Universal Time),19,63,1
